Rank,Brand,Description,Rate,Comments Number,Price,URL
#1,Apple,"Apple AirPods Pro 2 Wireless Earbuds, Active Noise Cancellation, Hearing Aid Feature, Bluetooth Headphones, Transparency, Personalized Spatial Audio, High-Fidelity Sound, H2 Chip, USB-C Charging",4.6,13413,$186.19,https://www.amazon.comhttps://www.amazon.com/Apple-Cancellation-Transparency-Personalized-High-Fidelity/dp/B0D1XD1ZV3/ref=zg_bs_g_172541_d_sccl_1/140-9078212-0877237?psc=1
#2,Apple,"Apple AirPods 4 Wireless Earbuds, Bluetooth Headphones, Personalized Spatial Audio, Sweat and Water Resistant, USB-C Charging Case, H2 Chip, Up to 30 Hours of Battery Life, Effortless Setup for iPhone",4.3,1172,$111.76,https://www.amazon.comhttps://www.amazon.com/Apple-Bluetooth-Headphones-Personalized-Effortless/dp/B0DGHMNQ5Z/ref=zg_bs_g_172541_d_sccl_2/140-9078212-0877237?psc=1
#3,Apple,"Apple AirPods 4 Wireless Earbuds, Bluetooth Headphones, with Active Noise Cancellation, Adaptive Audio, Transparency Mode, Personalized Spatial Audio, USB-C Charging Case, Wireless Charging, H2 Chip",4.3,1098,$151.79,https://www.amazon.comhttps://www.amazon.com/Apple-Headphones-Cancellation-Transparency-Personalized/dp/B0DGJ7HYG1/ref=zg_bs_g_172541_d_sccl_3/140-9078212-0877237?psc=1
#4,Beats,"Beats Studio Buds - True Wireless Noise Cancelling Earbuds - Compatible with Apple & Android, Built-in Microphone, IPX4 Rating, Sweat Resistant Earphones, Class 1 Bluetooth Headphones - Black",4.2,80075,$73.95,https://www.amazon.comhttps://www.amazon.com/Beats-Studio-Cancelling-Earbuds-Built-Bluetooth-Headphones/dp/B096SV8SJG/ref=zg_bs_g_172541_d_sccl_4/140-9078212-0877237?psc=1
#5,JBL,"JBL Tune 510BT - Bluetooth headphones with up to 40 hours battery, microphone for call, foldable and comfortable, Android and iOs compatible (Black)",4.5,67994,$29.12,https://www.amazon.comhttps://www.amazon.com/JBL-Tune-510BT-Ear-Headphones/dp/B08WM3LMJF/ref=zg_bs_g_172541_d_sccl_5/140-9078212-0877237?psc=1
#6,Beats,"Beats Solo 4 - Wireless Bluetooth On-Ear Headphones, Apple & Android Compatible, Up to 50 Hours of Battery Life - Cloud Pink",4.5,3933,$169.95,https://www.amazon.comhttps://www.amazon.com/Beats-Solo-Ear-Headphones-Compatible/dp/B0CZPGX972/ref=zg_bs_g_172541_d_sccl_6/140-9078212-0877237?psc=1
#7,Beats,"Beats Solo 4 - Wireless Bluetooth On-Ear Headphones, Apple & Android Compatible, Up to 50 Hours of Battery Life - Matte Black",4.5,3933,$98.99,https://www.amazon.comhttps://www.amazon.com/Beats-Solo-Wireless-Headphones-Matte/dp/B0CZPLV566/ref=zg_bs_g_172541_d_sccl_7/140-9078212-0877237?psc=1
#8,Beats,"Beats Studio Pro - Wireless Bluetooth Noise Cancelling Headphones - Personalized Spatial Audio, USB-C Lossless Audio, Apple & Android Compatibility, Up to 40 Hours Battery Life - Black",4.5,14027,$141.09,https://www.amazon.comhttps://www.amazon.com/Beats-Studio-Pro-Personalized-Compatibility/dp/B0C8PR4W22/ref=zg_bs_g_172541_d_sccl_8/140-9078212-0877237?psc=1
#9,Apple,"Apple EarPods Headphones with USB-C Plug, Wired Ear Buds with Built-in Remote to Control Music, Phone Calls, and Volume",4.5,2942,$17.47,https://www.amazon.comhttps://www.amazon.com/Apple-EarPods-Headphones-Built-Control/dp/B0DCH8VDXF/ref=zg_bs_g_172541_d_sccl_9/140-9078212-0877237?psc=1
#10,Soundcore,"Soundcore by Anker P20i True Wireless Earbuds, 10mm Drivers with Big Bass, Bluetooth 5.3, 30H Long Playtime, Water-Resistant, 2 Mics for AI Clear Calls, 22 Preset EQs, Customization via App",4.4,41863,N/A,https://www.amazon.comhttps://www.amazon.com/Soundcore-Wireless-Bluetooth-Water-Resistant-Customization/dp/B0BTYCRJSS/ref=zg_bs_g_172541_d_sccl_10/140-9078212-0877237?psc=1
#11,Beats,"Beats Studio Buds - True Wireless Noise Cancelling Earbuds - Compatible with Apple & Android, Built-in Microphone, IPX4 Rating, Sweat Resistant Earphones, Class 1 Bluetooth Headphones - White",4.2,80075,$72.68,https://www.amazon.comhttps://www.amazon.com/Beats-Studio-Cancelling-Earbuds-Built-Bluetooth-Headphones/dp/B096SRYXMP/ref=zg_bs_g_172541_d_sccl_11/140-9078212-0877237?psc=1
#12,JBL,"JBL Tune 510BT - Bluetooth headphones with up to 40 hours battery, microphone for call, foldable and comfortable, Android and iOs compatible (Blue)",4.5,67994,$29.95,https://www.amazon.comhttps://www.amazon.com/JBL-Tune-510BT-Ear-Headphones/dp/B08WM1V5P1/ref=zg_bs_g_172541_d_sccl_12/140-9078212-0877237?psc=1
#13,JBL,"JBL Tune 520BT - Wireless On-Ear Headphones, Up to 57H Battery Life and Speed Charge, Lightweight, Comfortable and Foldable Design, Hands-Free Calls with Voice Aware (Purple)",4.5,2617,N/A,https://www.amazon.comhttps://www.amazon.com/JBL-Tune-520BT-Ear-Lightweight/dp/B0CQ1HP3RX/ref=zg_bs_g_172541_d_sccl_13/140-9078212-0877237?psc=1
#14,JBL,"JBL Tune Flex - True Wireless Noise Cancelling Earbuds (Black), Small",4.0,6769,N/A,https://www.amazon.comhttps://www.amazon.com/JBL-Tune-Flex-Wireless-Cancelling/dp/B0C1QNRGHC/ref=zg_bs_g_172541_d_sccl_14/140-9078212-0877237?psc=1
#15,TOZO,"TOZO A1 Wireless Earbuds Bluetooth 5.3 Light-Weight in Ear IPX5 Waterproof Headphones 2 Mic for AI Calls, Immersive Premium Sound Bass Headset with Charging Case, 32 Presets EQ Customization via App",4.3,88658,N/A,https://www.amazon.comhttps://www.amazon.com/TOZO-A1-Light-Weight-Headphones-Microphone/dp/B09FT58QQP/ref=zg_bs_g_172541_d_sccl_15/140-9078212-0877237?psc=1
#16,Wireless,"Wireless Earbuds 75hrs Bluetooth 5.3 Headphone Sport, 2024 Bluetooth Earbuds Stereo Deep Bass Over Ear Bud with Earhooks, ENC Noise Cancelling Mic, IPX7 Waterproof Earphone for Workout/Running",4.4,8864,N/A,https://www.amazon.comhttps://www.amazon.com/Wireless-Bluetooth-Headphone-Cancelling-Waterproof/dp/B0CSXV3GK4/ref=zg_bs_g_172541_d_sccl_16/140-9078212-0877237?psc=1
#17,Beats,"Beats Studio Buds - True Wireless Noise Cancelling Earbuds - Compatible with Apple & Android, Built-in Microphone, IPX4 Rating, Sweat Resistant Earphones, Class 1 Bluetooth Headphones - Red",4.2,80075,$73.59,https://www.amazon.comhttps://www.amazon.com/Beats-Studio-Cancelling-Earbuds-Built-Bluetooth-Headphones/dp/B096SSCV5K/ref=zg_bs_g_172541_d_sccl_17/140-9078212-0877237?psc=1
#18,BERIBES,"BERIBES Bluetooth Headphones Over Ear, 65H Playtime and 6 EQ Music Modes Wireless Headphones with Microphone, HiFi Stereo Foldable Lightweight Headset, Deep Bass for Home Office Cellphone PC Ect.",4.5,33844,N/A,https://www.amazon.comhttps://www.amazon.com/BERIBES-Bluetooth-Headphones-Microphone-Lightweight/dp/B09LYF2ST7/ref=zg_bs_g_172541_d_sccl_18/140-9078212-0877237?psc=1
#19,Beats,"Beats Studio Pro x Kim Kardashian – Bluetooth Noise Cancelling Headphones, Personalized Spatial Audio, USB-C Lossless Audio, Apple & Android Compatibility, Up to 40 Hours Battery Life – Moon",4.5,14027,$163.19,https://www.amazon.comhttps://www.amazon.com/Beats-Studio-Pro-Kardashian-Compatibility/dp/B0D95134GD/ref=zg_bs_g_172541_d_sccl_19/140-9078212-0877237?psc=1
#20,Soundcore,"Soundcore Anker Life Q20 Hybrid Active Noise Cancelling Headphones, Wireless Over Ear Bluetooth Headphones, 60H Playtime, Hi-Res Audio, Deep Bass, Memory Foam Ear Cups, for Travel, Home Office",4.5,82976,N/A,https://www.amazon.comhttps://www.amazon.com/Soundcore-Cancelling-Headphones-Wireless-Bluetooth/dp/B07NM3RSRQ/ref=zg_bs_g_172541_d_sccl_20/140-9078212-0877237?psc=1
#21,Bose,"Bose QuietComfort Bluetooth Headphones, Wireless Headphones, Over Ear Noise Cancelling Headphones with Mic, Up To 24 Hours of Battery Life, Black",4.5,7175,$196.35,https://www.amazon.comhttps://www.amazon.com/Bose-QuietComfort-Cancelling-Headphones-Bluetooth/dp/B0CCZ26B5V/ref=zg_bs_g_172541_d_sccl_21/140-9078212-0877237?psc=1
#22,Beats,"Beats Studio Pro x Kim Kardashian – Bluetooth Noise Cancelling Headphones,Personalized Spatial Audio, USB-C Lossless Audio, Apple & Android Compatibility, Up to 40 Hours Battery Life - Dune",4.5,14027,$163.19,https://www.amazon.comhttps://www.amazon.com/Beats-Studio-Pro-Kardashian-Compatibility/dp/B0D951B4HJ/ref=zg_bs_g_172541_d_sccl_22/140-9078212-0877237?psc=1
#23,Sony,"Sony WH-CH720N Noise Canceling Wireless Headphones Bluetooth Over The Ear Headset with Microphone and Alexa Built-in, Black New",4.4,7933,N/A,https://www.amazon.comhttps://www.amazon.com/Sony-WH-CH720N-Canceling-Headphones-Microphone/dp/B0BS1QCFHX/ref=zg_bs_g_172541_d_sccl_23/140-9078212-0877237?psc=1
#24,Soundcore,"Soundcore by Anker P20i True Wireless Earbuds, 10mm Drivers with Big Bass, Bluetooth 5.3, 30H Long Playtime, Water-Resistant, 2 Mics for AI Clear Calls, 22 Preset EQs, Customization (White)",4.4,41863,N/A,https://www.amazon.comhttps://www.amazon.com/Soundcore-Wireless-Bluetooth-Water-Resistant-Customization/dp/B0BTYCJXBK/ref=zg_bs_g_172541_d_sccl_24/140-9078212-0877237?psc=1
#25,Soundcore,"Soundcore P30i by Anker Noise Cancelling Earbuds, Strong and Smart Noise Cancelling, Powerful Bass, 45H Playtime, 2-in-1 Case and Phone Stand, IP54, Wireless Earbuds, Bluetooth 5.4 (Black)",4.3,3116,N/A,https://www.amazon.comhttps://www.amazon.com/Soundcore-Cancelling-Powerful-Playtime-Bluetooth/dp/B0CRTYZG5C/ref=zg_bs_g_172541_d_sccl_25/140-9078212-0877237?psc=1
#26,JBL,"JBL Tune 520BT - Wireless On-Ear Headphones, Up to 57H Battery Life and Speed Charge, Lightweight, Comfortable and Foldable Design, Hands-Free Calls with Voice Aware (Black)",4.5,2617,N/A,https://www.amazon.comhttps://www.amazon.com/JBL-Tune-520BT-Ear-Headphones/dp/B0C1HGKNG7/ref=zg_bs_g_172541_d_sccl_26/140-9078212-0877237?psc=1
#27,MUSICOZY,"MUSICOZY Sleep Headphones Bluetooth 5.2 Headband, Sports Wireless Earphones Sweat Resistant Earbuds with Ultra-Thin HD Stereo Speaker for Workout Running Cool Gadgets Unique Gifts",4.2,21750,N/A,https://www.amazon.comhttps://www.amazon.com/MUSICOZY-Headphones-Bluetooth-Headband-Ultra-Thin/dp/B09K4WZGVD/ref=zg_bs_g_172541_d_sccl_27/140-9078212-0877237?psc=1
#28,JBL,"JBL Vibe Beam - True Wireless JBL Deep Bass Sound Earbuds, Bluetooth 5.2, Water & Dust Resistant, Hands-free call with VoiceAware, Up to 32 hours of battery life (Black)",4.3,16059,$28.99,https://www.amazon.comhttps://www.amazon.com/JBL-Vibe-Beam-Wireless-Headphones/dp/B0BQPNMXQV/ref=zg_bs_g_172541_d_sccl_28/140-9078212-0877237?psc=1
#29,JBL,"JBL Tune 510BT - Bluetooth headphones with up to 40 hours battery, microphone for call, foldable and comfortable, Android and iOs compatible (Rose)",4.5,67994,$29.95,https://www.amazon.comhttps://www.amazon.com/JBL-Tune-510BT-Ear-Headphones/dp/B092CP8ZH4/ref=zg_bs_g_172541_d_sccl_29/140-9078212-0877237?psc=1
#30,Sony,"Sony WH-CH520 Wireless Headphones Bluetooth On-Ear Headset with Microphone, Black New",4.5,16479,N/A,https://www.amazon.comhttps://www.amazon.com/Sony-WH-CH520-Headphones-Bluetooth-Microphone/dp/B0BS1PRC4L/ref=zg_bs_g_172541_d_sccl_30/140-9078212-0877237?psc=1
#31,Sony,"Sony WH-1000XM4 Wireless Premium Noise Canceling Overhead Headphones with Mic for Phone-Call and Alexa Voice Control, Black WH1000XM4",4.6,58509,N/A,https://www.amazon.comhttps://www.amazon.com/Sony-WH-1000XM4-Canceling-Headphones-phone-call/dp/B0863TXGM3/ref=zg_bs_g_172541_d_sccl_31/140-9078212-0877237?psc=1
#32,Soundcore,"Soundcore by Anker P20i True Wireless Earbuds, 10mm Drivers with Big Bass, Bluetooth 5.3, 30H Long Playtime, Water-Resistant, 2 Mics for AI Clear Calls, 22 Preset EQs, Customization (Blue)",4.4,41863,N/A,https://www.amazon.comhttps://www.amazon.com/Soundcore-Wireless-Bluetooth-Water-Resistant-Customization/dp/B0BTYDLTM3/ref=zg_bs_g_172541_d_sccl_32/140-9078212-0877237?psc=1
#33,JBL,"JBL Tune 520BT - Wireless On-Ear Headphones, Up to 57H Battery Life and Speed Charge, Lightweight, Comfortable and Foldable Design, Hands-Free Calls with Voice Aware (Blue)",4.5,2617,N/A,https://www.amazon.comhttps://www.amazon.com/JBL-Tune-520BT-Ear-Lightweight/dp/B0CGMV5TMR/ref=zg_bs_g_172541_d_sccl_33/140-9078212-0877237?psc=1
#34,JLab,"JLab Go Air Pop True Wireless Bluetooth Earbuds & Charging Case - Black, Dual Connect, IPX4 Sweat Resistance, Bluetooth 5 Connection, 3 EQ Sound Settings Signature, Balanced, Bass Boost",4.4,43620,$17.49,https://www.amazon.comhttps://www.amazon.com/JLab-Bluetooth-Resistance-Connection-Signature/dp/B0CXGXT6W8/ref=zg_bs_g_172541_d_sccl_34/140-9078212-0877237?psc=1
#35,JBL,"JBL Tune 510BT - Bluetooth headphones with up to 40 hours battery, microphone for call, foldable and comfortable, Android and iOs compatible (White)",4.5,67994,N/A,https://www.amazon.comhttps://www.amazon.com/JBL-Tune-510BT-Ear-Headphones/dp/B08WM298TV/ref=zg_bs_g_172541_d_sccl_35/140-9078212-0877237?psc=1
#36,Raycon,"Raycon Everyday Earbuds (2024 Edition) - Bluetooth True Wireless in-Ear Buds with 32 Hours Playtime, Multpoint Technology, Extreme Comfort, and Active Noise Cancellation (Carbon Black)",4.2,33767,N/A,https://www.amazon.comhttps://www.amazon.com/Raycon-Everyday-Earbuds-2024-Ear/dp/B0CTD56NJ2/ref=zg_bs_g_172541_d_sccl_36/140-9078212-0877237?psc=1
#37,Hyashee,Hyashee Cleaner Kit for Airpods Pro 1 2 3 Multi-Function Cleaning Pen with Soft Brush Flocking Sponge for Bluetooth Earphones Case Cleaning Tools White,4.5,9284,N/A,https://www.amazon.comhttps://www.amazon.com/Multi-Function-Cleaning-Bluetooth-Earphones-Headphones/dp/B09QRPDQWR/ref=zg_bs_g_172541_d_sccl_37/140-9078212-0877237?psc=1
#38,Beats,Beats Solo Buds - Wireless Bluetooth Earbuds | 18 Hours of Battery Life | Apple & Android Compatibility | Built-in Microphone - Matte Black,4.0,621,$57.55,https://www.amazon.comhttps://www.amazon.com/Beats-Solo-Buds-Compatibility-Built/dp/B0D3J85SX4/ref=zg_bs_g_172541_d_sccl_38/140-9078212-0877237?psc=1
#39,Bose,"Bose TV Speaker - Soundbar for TV with Bluetooth and HDMI-ARC Connectivity, Black, Includes Remote Control",4.3,11818,$179.00,https://www.amazon.comhttps://www.amazon.com/Bose-Speaker-Soundbar-Bluetooth-connectivity/dp/B088KRPCQJ/ref=zg_bs_g_172541_d_sccl_39/140-9078212-0877237?psc=1
#40,TOZO,"TOZO Hybrid Active Noise Cancelling Wireless Earbuds, 6 Mics ENC Clear Call, IPX8 Waterproof, in Ear Bluetooth 5.3 Headphones Stereo Bass Ear Buds 59H Playtime with LED Display 32 EQs via APP",4.7,1600,N/A,https://www.amazon.comhttps://www.amazon.com/TOZO-Cancelling-Waterproof-Bluetooth-Headphones/dp/B0DD41G2NZ/ref=zg_bs_g_172541_d_sccl_40/140-9078212-0877237?psc=1
#41,TAGRY,TAGRY Bluetooth Headphones True Wireless Earbuds 60H Playback LED Power Display Earphones with Wireless Charging Case IPX5 Waterproof in-Ear Earbuds with Mic for TV Smart Phone Laptop Computer Sports,4.4,69217,$25.73,https://www.amazon.comhttps://www.amazon.com/TAGRY-Bluetooth-Headphones-Earphones-Waterproof/dp/B09DT48V16/ref=zg_bs_g_172541_d_sccl_41/140-9078212-0877237?psc=1
#42,JBL,"JBL Tune Flex - True Wireless Noise Cancelling Earbuds (White), Small",4.0,6769,N/A,https://www.amazon.comhttps://www.amazon.com/JBL-Tune-Flex-Wireless-Cancelling/dp/B0C1QDR7HP/ref=zg_bs_g_172541_d_sccl_42/140-9078212-0877237?psc=1
#43,Wireless,"Wireless Earbuds, Bluetooth 5.3 Headphones Bass Stereo, Ear Buds with Noise Cancelling Mic LED Display, IP7 Waterproof in Ear Earphones, 36H Playtime for Laptop Pad Phones Sports Workout, Black",4.5,13625,N/A,https://www.amazon.comhttps://www.amazon.com/Bluetooth-Headphones-Cancelling-Waterproof-Earphones/dp/B0DC95VBG5/ref=zg_bs_g_172541_d_sccl_43/140-9078212-0877237?psc=1
#44,Wireless,"Wireless Earbuds, Bluetooth Ear Buds with Big Bass Stereo Sound, 48 Hours Playtime, Lightweight in-Ear Fit Earphones, IPX7, Hands-Free Calls with AI for iPhone, Android, Pad, Sports, Workout White",4.5,1632,N/A,https://www.amazon.comhttps://www.amazon.com/Wireless-Bluetooth-Lightweight-Earphones-Hands-Free/dp/B0D9K5K5M3/ref=zg_bs_g_172541_d_sccl_44/140-9078212-0877237?psc=1
#45,Wireless,Wireless Earbuds Bluetooth 5.3 Headphones Bass Stereo Ear Buds with Noise Cancelling Mic LED Display in Ear Earphones IP7 Waterproof 36H Playtime for Laptop Pad Phones Sports Workout White,4.5,13625,N/A,https://www.amazon.comhttps://www.amazon.com/Bluetooth-Headphones-Cancelling-Earphones-Waterproof/dp/B0CX1SZPH3/ref=zg_bs_g_172541_d_sccl_45/140-9078212-0877237?psc=1
#46,JBL,"JBL Vibe Buds - True Wireless Earbuds, Smart Ambient, VoiceAware, Up to 32 total hours of battery life with speed charging, Water and dust resistant, JBL Deep Bass Sound (Black)",4.1,5921,N/A,https://www.amazon.comhttps://www.amazon.com/JBL-Vibe-Buds-Wireless-Headphones/dp/B0BQPZ7DMV/ref=zg_bs_g_172541_d_sccl_46/140-9078212-0877237?psc=1
#47,Amazon,"Amazon Echo Buds (2023 Release) | True Wireless Bluetooth 5.2 Earbuds with Alexa, audio personalization, multipoint, 20H battery with charging case, fast charging, sweat resistant | Glacier White",3.9,10153,$24.99,https://www.amazon.comhttps://www.amazon.com/Wireless-Bluetooth-multipoint-charging-resistant/dp/B09JVCL7JR/ref=zg_bs_g_172541_d_sccl_47/140-9078212-0877237?psc=1
#48,kurdene,"kurdene Wireless Earbuds Bluetooth 5.3 in Ear Buds Light-Weight Headphones,Deep Bass Sound,Built-in Mics Headset,Clear Calls Earphones for Sports Workout",4.3,53899,$9.99,https://www.amazon.comhttps://www.amazon.com/kurdene-Bluetooth-Light-Weight-Headphones-Earphones/dp/B0D635YLCT/ref=zg_bs_g_172541_d_sccl_48/140-9078212-0877237?psc=1
#49,Beats,"Beats Solo 4 - Wireless Bluetooth On-Ear Headphones, Apple & Android Compatible, Up to 50 Hours of Battery Life - Slate Blue",4.5,3933,$159.95,https://www.amazon.comhttps://www.amazon.com/Beats-Solo-Ear-Headphones-Compatible/dp/B0CZPHPJLN/ref=zg_bs_g_172541_d_sccl_49/140-9078212-0877237?psc=1
#50,Wireless,Wireless Earbuds Bluetooth 5.3 Headphones Bass Stereo Ear Buds with Noise Cancelling Mic LED Display in Ear Earphones IP7 Waterproof 36H Playtime for Laptop Pad Phones Sports Workout Rose Gold,4.6,43457,N/A,https://www.amazon.comhttps://www.amazon.com/Bluetooth-Headphones-Cancelling-Earphones-Waterproof/dp/B0CX1TJ228/ref=zg_bs_g_172541_d_sccl_50/140-9078212-0877237?psc=1
#51,PocBuds,PocBuds Bluetooth Headphones Wireless Earbuds 80hrs Playtime Wireless Charging Case Digital Display Sports Ear Buds with Earhook Deep Bass IPX7 Waterproof Over-Ear Earphones for TV Phone Laptop Black,4.4,12169,N/A,https://www.amazon.comhttps://www.amazon.com/Bluetooth-Headphones-Wireless-Waterproof-Earphones/dp/B0C3W4MNN1/ref=zg_bs_g_172541_d_sccl_1/140-9078212-0877237?psc=1
#52,SHOKZ,"SHOKZ OpenRun Pro - Open-Ear Bluetooth Bone Conduction Sport Headphones, Sweat Resistant Wireless Earphones for Workouts and Running with Premium Deep Base - Built-in Mic, with Hair Band, Black",4.5,22577,$138.55,https://www.amazon.comhttps://www.amazon.com/Shokz-OpenRun-Pro-Conduction-Built/dp/B09BVXT8TJ/ref=zg_bs_g_172541_d_sccl_2/140-9078212-0877237?psc=1
#53,Wireless,Wireless Earbuds Bluetooth Headphones 80hrs Playback Ear Buds Power Display with Noise Canceling Mic Headsets for Sports/Workout/Running Black,4.8,1081,N/A,https://www.amazon.comhttps://www.amazon.com/Wireless-Bluetooth-Headphones-Playback-Canceling/dp/B0DLH23VH9/ref=zg_bs_g_172541_d_sccl_3/140-9078212-0877237?psc=1
#54,Bose,"Bose New QuietComfort Earbuds, Black",3.9,764,$122.00,https://www.amazon.comhttps://www.amazon.com/Bose-QuietComfort-Cancelling-Lifestyle-Cancellation/dp/B0D8BZDPXB/ref=zg_bs_g_172541_d_sccl_4/140-9078212-0877237?psc=1
#55,KVIDIO,"KVIDIO [Updated Bluetooth Headphones Over Ear, 65 Hours Playtime Wireless Headphones with Microphone,Foldable Lightweight Headset with Deep Bass,HiFi Stereo Sound for Travel Work Cellphone",4.4,25270,N/A,https://www.amazon.comhttps://www.amazon.com/Bluetooth-Headphones-KVIDIO-Microphone-Lightweight/dp/B09BF64J55/ref=zg_bs_g_172541_d_sccl_5/140-9078212-0877237?psc=1
#56,Samsung,"Samsung Galaxy Buds FE True Wireless Bluetooth Earbuds, Comfort and Secure in Ear Fit, Auto Switch Audio, Touch Control, Built-in Voice Assistant, Graphite [US Version, 1Yr Manufacturer Warranty]",4.3,3332,N/A,https://www.amazon.comhttps://www.amazon.com/SAMSUNG-Wireless-Bluetooth-Wing-Tip-Assistant/dp/B0CF7GYNW2/ref=zg_bs_g_172541_d_sccl_6/140-9078212-0877237?psc=1
#57,JBL,"JBL Tune Buds - True wireless Noise Cancelling earbuds, JBL Pure Bass Sound, Bluetooth 5.3, 4-Mic technology for Crisp, Clear Calls, Up to 48 hours of battery life, Water and dust resistant (Black)",4.1,4521,N/A,https://www.amazon.comhttps://www.amazon.com/JBL-Tune-Buds-Wireless-Cancelling/dp/B0C1QWWZR4/ref=zg_bs_g_172541_d_sccl_7/140-9078212-0877237?psc=1
#58,Beats,"Beats Studio Pro - Wireless Bluetooth Noise Cancelling Headphones - Personalized Spatial Audio, USB-C Lossless Audio, Apple & Android Compatibility, Up to 40 Hours Battery Life - Sandstone",4.5,14027,$168.29,https://www.amazon.comhttps://www.amazon.com/Beats-Studio-Pro-Personalized-Compatibility/dp/B0C8PSMPTH/ref=zg_bs_g_172541_d_sccl_8/140-9078212-0877237?psc=1
#59,bmani,bmani Wireless Earbuds Bluetooth Headphones 48hrs Play Back Sport Earphones with LED Display Over-Ear Buds with Earhooks Built-in Mic Headset for Workout Black,4.4,54869,N/A,https://www.amazon.comhttps://www.amazon.com/Wireless-Bluetooth-Headphones-Earphones-BMANI-VEAT00L/dp/B09FLNSYDZ/ref=zg_bs_g_172541_d_sccl_9/140-9078212-0877237?psc=1
#60,MUSICOZY,MUSICOZY Sleep Headphones Bluetooth 5.2 Headband Sleeping Eye Mask for Mom Women Men Wireless Music Earbuds Earphones for Side Sleepers Built-in HD Speakers Cool Gadgets Unique Gifts,4.3,6293,N/A,https://www.amazon.comhttps://www.amazon.com/MUSICOZY-Headphones-Bluetooth-Microphone-Adjustable/dp/B08S2WXBP8/ref=zg_bs_g_172541_d_sccl_10/140-9078212-0877237?psc=1
#61,Wireless,"Wireless Earbuds, 2025 Bluetooth 5.4 Headphones Sport, Bluetooth Earbuds with ENC Noise Canceling Mic, 50H Stereo Wireless Headphones IP7 Waterproof with Earhooks, Dual LED Display for Workout/Running",4.8,133,N/A,https://www.amazon.comhttps://www.amazon.com/Wireless-Bluetooth-Headphones-Canceling-Waterproof/dp/B0DNZB2WJ4/ref=zg_bs_g_172541_d_sccl_11/140-9078212-0877237?psc=1
#62,TOZO,"TOZO Hybrid Active Noise Cancelling Wireless Earbuds, 6 Mics Smart Noise Cancelling 55H Playtime, 32 Preset EQs via APP, Bluetooth 5.3 ENC AI Call Ear buds, IPX8 Waterproof Headphones with LED Display",4.8,937,N/A,https://www.amazon.comhttps://www.amazon.com/TOZO-Cancelling-Bluetooth-Waterproof-Headphones/dp/B0DGKWQMSM/ref=zg_bs_g_172541_d_sccl_12/140-9078212-0877237?psc=1
#63,Apple,Apple AirPods with Charging Case (Previous Model),4.6,13310,$149.95,https://www.amazon.comhttps://www.amazon.com/Apple-AirPods-Charging-Previous-Model/dp/B01MQWUXZS/ref=zg_bs_g_172541_d_sccl_13/140-9078212-0877237?psc=1
#64,JBL,"JBL Tune 520BT - Wireless On-Ear Headphones, Up to 57H Battery Life and Speed Charge, Lightweight, Comfortable and Foldable Design, Hands-Free Calls with Voice Aware (White)",4.5,2617,N/A,https://www.amazon.comhttps://www.amazon.com/JBL-Tune-520BT-Ear-Lightweight/dp/B0CBL1TQMP/ref=zg_bs_g_172541_d_sccl_14/140-9078212-0877237?psc=1
#65,Beats,"Beats Studio Pro - Wireless Bluetooth Noise Cancelling Headphones - Personalized Spatial Audio, USB-C Lossless Audio, Apple & Android Compatibility, Up to 40 Hours Battery Life - Matte White",4.5,14027,$163.19,https://www.amazon.comhttps://www.amazon.com/Beats-Studio-Pro-Personalized-Compatibility/dp/B0DDQKXDZF/ref=zg_bs_g_172541_d_sccl_15/140-9078212-0877237?psc=1
#66,Aptkdoe,"Aptkdoe Wireless Earbuds 75hrs Bluetooth 5.3 Headphone Sport, 2024 Bluetooth Earbuds Stereo Deep Bass Over Ear Bud with Earhooks, ENC Noise Cancelling Mic, IPX7 Waterproof Earphone Rose Gold",4.4,8864,N/A,https://www.amazon.comhttps://www.amazon.com/Aptkdoe-Bluetooth-Headphone-Cancelling-Waterproof/dp/B0CX1NWR6D/ref=zg_bs_g_172541_d_sccl_16/140-9078212-0877237?psc=1
#67,Soundcore,"Soundcore Sport X20 by Anker, True-Wireless Workout Earbuds, Rotatable and Extendable Ear Hooks, Noise Cancelling, Deep Bass, IP68 Waterproof, Sweatproof, Dustproof, 48H Play, Sport Earbuds for Gym",4.3,2760,N/A,https://www.amazon.comhttps://www.amazon.com/Soundcore-True-Wireless-Extendable-Cancelling-Waterproof/dp/B0CRT6HQ82/ref=zg_bs_g_172541_d_sccl_17/140-9078212-0877237?psc=1
#68,JBL,"JBL Tune 230NC TWS - True Wireless In-Ear Headphones, Active Noise Cancelling with Smart Ambient, JBL Pure Bass Sound, 4 mics for perfect voice calls, IPX4, 40Hrs of battery life (Black)",4.1,20958,$44.95,https://www.amazon.comhttps://www.amazon.com/JBL-230NC-Wireless-Cancelling-Headphones/dp/B09FM6PDHP/ref=zg_bs_g_172541_d_sccl_18/140-9078212-0877237?psc=1
#69,Bose,"Bose QuietComfort Bluetooth Headphones, Wireless Headphones, Over Ear Noise Cancelling Headphones with Mic, Up to 24 Hours of Battery Life, Blue Dusk - Limited Edition Color",4.5,7175,$199.00,https://www.amazon.comhttps://www.amazon.com/Bose-QuietComfort-Bluetooth-Headphones-Cancelling/dp/B0D4Z9BZV2/ref=zg_bs_g_172541_d_sccl_19/140-9078212-0877237?psc=1
#70,JBL,"JBL Endurance Run 2 Wired - Waterproof Wired Sports in-Ear Headphones, Pure Bass Sound, Hands-Free Calls, Never Hurt. Never Fall Out. (Black)",4.5,15637,$14.95,https://www.amazon.comhttps://www.amazon.com/JBL-Endurance-Run-Wired-Ear/dp/B0C5NQSPMN/ref=zg_bs_g_172541_d_sccl_20/140-9078212-0877237?psc=1
#71,TOZO,"TOZO T10 (Classic Edition) Bluetooth 5.3 Wireless Earbuds with Wireless Charging Case IPX8 Waterproof Stereo Headphones in Ear Built in Mic Headset Premium Sound with Deep Bass, 32 Preset EQs via APP",4.3,371498,N/A,https://www.amazon.comhttps://www.amazon.com/TOZO-Bluetooth-Wireless-Headphones-Waterproof/dp/B07J2Z5DBM/ref=zg_bs_g_172541_d_sccl_21/140-9078212-0877237?psc=1
#72,Apple,"Apple EarPods Headphones with Lightning Connector, Wired Ear Buds for iPhone with Built-in Remote to Control Music, Phone Calls, and Volume",4.6,226444,$19.48,https://www.amazon.comhttps://www.amazon.com/Apple-EarPods-Lightning-Connector-White/dp/B01M0GB8CC/ref=zg_bs_g_172541_d_sccl_22/140-9078212-0877237?psc=1
#73,Beats,"Beats Flex Wireless Earbuds - Apple W1 Headphone Chip, Magnetic Earphones, Class 1 Bluetooth, 12 Hours of Listening Time, Built-in Microphone - Black",4.3,54592,$38.39,https://www.amazon.comhttps://www.amazon.com/Beats-Flex-Wireless-Earphones-Built/dp/B08L6ZYW21/ref=zg_bs_g_172541_d_sccl_23/140-9078212-0877237?psc=1
#74,Raycon,"Raycon Everyday Earbuds (2024 Edition) - Bluetooth True Wireless in-Ear Buds with 32 Hours Playtime, Multpoint Technology, Extreme Comfort, and Active Noise Cancellation (Royal Blue)",4.2,33767,N/A,https://www.amazon.comhttps://www.amazon.com/Raycon-Everyday-Earbuds-2024-Ear/dp/B0CTD5ZBK3/ref=zg_bs_g_172541_d_sccl_24/140-9078212-0877237?psc=1
#75,Beats,Beats Solo Buds - Wireless Bluetooth Earbuds | 18 Hours of Battery Life | Apple & Android Compatibility | Built-in Microphone - Transparent Red,4.0,621,$57.59,https://www.amazon.comhttps://www.amazon.com/Beats-Solo-Buds-Compatibility-Built/dp/B0D3JB14QS/ref=zg_bs_g_172541_d_sccl_25/140-9078212-0877237?psc=1
#76,SHOKZ,"SHOKZ OpenRun - Open-Ear Bluetooth Bone Conduction Sport Headphones, Sweat Resistant Wireless Earphones for Workouts and Running, Built-in Mic, with Hair Band, Black",4.6,30804,$98.95,https://www.amazon.comhttps://www.amazon.com/Shokz-OpenRun-Conduction-Headphones-Built/dp/B09BW1QVVT/ref=zg_bs_g_172541_d_sccl_26/140-9078212-0877237?psc=1
#77,Raycon,"Raycon Everyday Earbuds (2024 Edition) - Bluetooth True Wireless in-Ear Buds with 32 Hours Playtime, Multpoint Technology, Extreme Comfort, and Active Noise Cancellation (Blush Violet)",4.2,33767,N/A,https://www.amazon.comhttps://www.amazon.com/Raycon-Everyday-Earbuds-2024-Ear/dp/B0CTD76F3Z/ref=zg_bs_g_172541_d_sccl_27/140-9078212-0877237?psc=1
#78,Sony,"Sony WH-1000XM4 Wireless Premium Noise Canceling Overhead Headphones with Mic for Phone-Call and Alexa Voice Control, Silver WH1000XM4",4.6,58509,N/A,https://www.amazon.comhttps://www.amazon.com/Sony-WH-1000XM4-Canceling-Headphones-phone-call/dp/B0863FR3S9/ref=zg_bs_g_172541_d_sccl_28/140-9078212-0877237?psc=1
#79,Sony,"Sony WH-CH520 Wireless Headphones Bluetooth On-Ear Headset with Microphone, Blue",4.5,16479,$32.17,https://www.amazon.comhttps://www.amazon.com/Sony-WH-CH520-Headphones-Bluetooth-Microphone/dp/B0BS1RT9S2/ref=zg_bs_g_172541_d_sccl_29/140-9078212-0877237?psc=1
#80,JBL,"JBL Tune 230NC TWS - True Wireless In-Ear Headphones, Active Noise Cancelling with Smart Ambient, JBL Pure Bass Sound, 4 mics for perfect voice calls, IPX4, 40Hrs of battery life (Blue)",4.1,20958,$44.95,https://www.amazon.comhttps://www.amazon.com/JBL-230NC-Wireless-Cancelling-Headphones/dp/B09FMNXHM6/ref=zg_bs_g_172541_d_sccl_30/140-9078212-0877237?psc=1
#81,JBL,"JBL Live 460NC wireless on-ear Noise Cancelling headphones with 50H battery, microphone for calls, lightweight and comfortable, and Alexa Built-in (Optimized for Android), iOS compatible (Black)",4.4,6543,$49.95,https://www.amazon.comhttps://www.amazon.com/JBL-Live-460NC-Ear-Cancelling/dp/B08WR6YDKP/ref=zg_bs_g_172541_d_sccl_81/140-9078212-0877237?psc=1
#82,Beats,"Beats Studio Pro - Wireless Bluetooth Noise Cancelling Headphones - Personalized Spatial Audio, USB-C Lossless Audio, Apple & Android Compatibility, Up to 40 Hours Battery Life - Deep Brown",4.5,14027,$168.29,https://www.amazon.comhttps://www.amazon.com/Beats-Studio-Pro-Personalized-Compatibility/dp/B0C8PT7DF5/ref=zg_bs_g_172541_d_sccl_82/140-9078212-0877237?psc=1
#83,Sony,"Sony WH-CH520 Wireless Headphones Bluetooth On-Ear Headset with Microphone, White",4.5,16479,$31.02,https://www.amazon.comhttps://www.amazon.com/Sony-WH-CH520-Headphones-Bluetooth-Microphone/dp/B0BS1QB15L/ref=zg_bs_g_172541_d_sccl_83/140-9078212-0877237?psc=1
#84,Beats,Beats Solo Buds - Wireless Bluetooth Earbuds | 18 Hours of Battery Life | Apple & Android Compatibility | Built-in Microphone - Storm Gray,4.0,621,$56.44,https://www.amazon.comhttps://www.amazon.com/Beats-Solo-Buds-Compatibility-Built/dp/B0D3JBRJ27/ref=zg_bs_g_172541_d_sccl_84/140-9078212-0877237?psc=1
#85,TOZO,"TOZO HT2 Hybrid Active Noise Cancelling Headphones, Wireless Over Ear Bluetooth Headphones, 60H Playtime, Hi-Res Audio Custom EQ via App Deep Bass Comfort Fit Ear Cups, for Home Office Travel",4.5,9676,N/A,https://www.amazon.comhttps://www.amazon.com/TOZO-HT2-Cancelling-Headphones-Bluetooth/dp/B07KY8G9NM/ref=zg_bs_g_172541_d_sccl_85/140-9078212-0877237?psc=1
#86,JBL,"JBL Vibe Beam - True Wireless JBL Deep Bass Sound Earbuds, Bluetooth 5.2, Water & Dust Resistant, Hands-free call with VoiceAware, Up to 32 hours of battery life (White)",4.3,16059,$29.00,https://www.amazon.comhttps://www.amazon.com/JBL-Vibe-Beam-Wireless-Headphones/dp/B0BQPGJ9LQ/ref=zg_bs_g_172541_d_sccl_86/140-9078212-0877237?psc=1
#87,Raycon,"Raycon Fitness Bluetooth True Wireless Earbuds with Built in Mic 56 Hours of Battery, IPX7 Waterproof, Active Noise Cancellation, Awareness Mode, and Bluetooth 5.3 (Black)",4.2,8001,N/A,https://www.amazon.comhttps://www.amazon.com/Raycon-Bluetooth-Waterproof-Cancellation-Awareness/dp/B0C1LCYRJ9/ref=zg_bs_g_172541_d_sccl_87/140-9078212-0877237?psc=1
#88,Raycon,"Raycon The Everyday Wireless Bluetooth Over Ear Headphones, with Active Noise Cancelling, Awareness Mode and Built in Microphone, IPX 4 Water Resistance, 40 Hours of Battery Life (Black)",4.5,2805,N/A,https://www.amazon.comhttps://www.amazon.com/Raycon-Bluetooth-Headphones-Cancelling-Microphone/dp/B08TMTFR6B/ref=zg_bs_g_172541_d_sccl_88/140-9078212-0877237?psc=1
#89,Beats,"Beats Fit Pro - True Wireless Noise Cancelling Earbuds - Apple H1 Headphone Chip, Compatible with Apple & Android, Class 1 Bluetooth, Built-in Microphone, 6 Hours of Listening Time - Beats Black",4.3,29731,$116.19,https://www.amazon.comhttps://www.amazon.com/Beats-Fit-Pro-Cancelling-Built/dp/B09JL41N9C/ref=zg_bs_g_172541_d_sccl_89/140-9078212-0877237?psc=1
#90,Antool,"Antool Wired Earbuds,【Ultra Clear Calls & no Noise】 Headphones Earbuds Wired 3.5mm, in-Ear Earphones with Mic, Compatible with iPhone/iPad/Android/Laptop/PC 【2 Pack】",4.4,6762,N/A,https://www.amazon.comhttps://www.amazon.com/Antool-Earbuds-Headphones-Earphones-Compatible/dp/B0D17TFVTF/ref=zg_bs_g_172541_d_sccl_90/140-9078212-0877237?psc=1
#91,Disney,"Disney Lilo and Stitch Bluetooth Earbuds w/Charging Case- Wireless Headphones w/Built-in Mic+ Up to 30 Hrs Playtime- Lilo and Stitch Gifts for Girls,Boys,Women,Men,All Fans of Lilo and Stitch Stuff",4.2,1122,N/A,https://www.amazon.comhttps://www.amazon.com/Bluetooth-Charging-Wireless-Headphones-Playtime/dp/B0CGFLK4HH/ref=zg_bs_g_172541_d_sccl_91/140-9078212-0877237?psc=1
#92,MUSICOZY,"MUSICOZY Sleep Headphones, Bluetooth 5.2 Sleep Mask Headband Headphones Sleeping Eye Mask, Wireless Music Earbuds Earphones with HD Headphones Ultra-Thin Stereo Speakers for Side Sleepers Men Women",4.2,18184,N/A,https://www.amazon.comhttps://www.amazon.com/MUSICOZY-Headphones-Bluetooth-Everything-Christmas/dp/B07TPLZY74/ref=zg_bs_g_172541_d_sccl_92/140-9078212-0877237?psc=1
#93,Beats,"Beats Solo 3 - Wireless Bluetooth On-Ear Headphones, Apple & Android Compatible, Up to 40H of Battery Life - Silver (Latest Model)",4.6,1568,$94.04,https://www.amazon.comhttps://www.amazon.com/Beats-Solo3-Wireless-Headphones-Built/dp/B0CCBKGDJD/ref=zg_bs_g_172541_d_sccl_93/140-9078212-0877237?psc=1
#94,TOZO,"TOZO T6 True Wireless Earbuds Bluetooth 5.3 Headphones 45H Long Playtime, Wireless Charging Case, IPX8 Waterproof Stereo Earphones, Built-in Mic Calls, Headset Premium Deep Bass 32 Preset EQs via APP",4.4,224307,N/A,https://www.amazon.comhttps://www.amazon.com/TOZO-T6-Bluetooth-Headphones-Waterproof/dp/B07RGZ5NKS/ref=zg_bs_g_172541_d_sccl_94/140-9078212-0877237?psc=1
#95,Bose,"Bose QuietComfort Bluetooth Headphones, Wireless Headphones, Over Ear Noise Cancelling Headphones with Mic, Up To 24 Hours of Battery Life, White Smoke",4.5,7175,$196.00,https://www.amazon.comhttps://www.amazon.com/Bose-QuietComfort-Cancelling-Headphones-Bluetooth/dp/B0CCZC9J1V/ref=zg_bs_g_172541_d_sccl_95/140-9078212-0877237?psc=1
#96,JLab,"JLab Go Sport+ Wireless Workout Earbuds Featuring C3 Clear Calling, Secure Earhook Sport Design, 32+ Hour Bluetooth Playtime, and 3 EQ Sound Settings (Graphite)",4.0,18635,$20.92,https://www.amazon.comhttps://www.amazon.com/JLab-Wireless-Featuring-Bluetooth-Playtime/dp/B0CYNFWD2R/ref=zg_bs_g_172541_d_sccl_96/140-9078212-0877237?psc=1
#97,TAGRY,TAGRY Bluetooth Headphones True Wireless Earbuds 60H Playback LED Power Display Earphones with Wireless Charging Case IPX5 Waterproof in-Ear Earbuds with Mic for Smart Phone Laptop TV Computer Sports,4.4,69217,$25.73,https://www.amazon.comhttps://www.amazon.com/TAGRY-Bluetooth-Headphones-Earphones-Waterproof/dp/B09LD2D1TV/ref=zg_bs_g_172541_d_sccl_97/140-9078212-0877237?psc=1
#98,Beats,"Beats Studio Pro - Wireless Bluetooth Noise Cancelling Headphones - Personalized Spatial Audio, USB-C Lossless Audio, Apple & Android Compatibility, Up to 40 Hours Battery Life - Navy",4.5,14027,$168.29,https://www.amazon.comhttps://www.amazon.com/Beats-Studio-Pro-Personalized-Compatibility/dp/B0C8PWSW7T/ref=zg_bs_g_172541_d_sccl_98/140-9078212-0877237?psc=1
#99,Sony,"Sony WH-CH720N Noise Canceling Wireless Headphones Bluetooth Over The Ear Headset with Microphone and Alexa Built-in, White New",4.4,7933,$71.20,https://www.amazon.comhttps://www.amazon.com/Sony-WH-CH720N-Canceling-Headphones-Microphone/dp/B0BS74M665/ref=zg_bs_g_172541_d_sccl_99/140-9078212-0877237?psc=1
#100,Ozlo,Ozlo Sleepbuds® | Sleep Headphones for Side Sleepers | Up to 10 Hours of Bluetooth Streaming Sleep Earbud | Science-Backed Sleep Sounds | Noise Blocking and Comfortable Sleep Buds,4.1,208,$299.00,https://www.amazon.comhttps://www.amazon.com/Ozlo-Sleepbuds%C2%AE-Headphones-Science-Backed-Comfortable/dp/B0DJB1ZL8V/ref=zg_bs_g_172541_d_sccl_100/140-9078212-0877237?psc=1
